,Reactant SMILES,Product SMILES,Solvent SMILES,Additive SMILES,Metal,Ligand SMILES,Catalyst SMILES(RDKit),Pressure/atm,Temperature/C,S/C,ddG,ee,Scaffold type,Multi-scaffold type,Olefin Type
3590,COC(=O)/C(=C/c1ccccc1)NC(C)=O,COC(=O)[C@@H](Cc1ccccc1)NC(C)=O,ClCCl,,Rh,CC[C@H]1CC[C@H](CC)P1c1ccccc1P1[C@@H](CC)CC[C@@H]1CC,CC[C@H]1CC[C@H](CC)P8->1c1ccccc1P9->1[C@@H](CC)CC[C@@H]1CC.[Rh+]89,1,25,100,3.134375973,0.99,double P type,['double P type'],tri-sub
2733,COC(=O)/C(=C/c1ccccc1)NC(C)=O,COC(=O)[C@H](Cc1ccccc1)NC(C)=O,ClCCl,,Rh,C[C@H](c1ccccc1)N(CCN([C@H](C)c1ccccc1)P1Oc2ccccc2O1)P1Oc2ccccc2O1,C[C@H](c1ccccc1)N(CCN([C@H](C)c1ccccc1)P8->1Oc2ccccc2O1)P9->1Oc2ccccc2O1.[Rh+]89,1,25,100,0.05926339,0.05,double P type,['double P type'],tri-sub
5923,COC(=O)/C(=C/c1ccccc1)NC(C)=O,COC(=O)[C@@H](Cc1ccccc1)NC(C)=O,Cc1ccccc1,CCCCCCCCCCCCOS(=O)(=O)[O-].[Na+],Rh,CCN(CC)P1Cc2ccc3ccccc3c2-c2c(ccc3ccccc23)C1,CCN(CC)P8->1Cc2ccc3ccccc3c2-c2c(ccc3ccccc23)C1.[Rh+]8,1,25,100,1.743519237,0.9,binol type,"['binol type', 'single P type']",tri-sub
4770,COC(=O)/C(=C/c1ccccc1)NC(C)=O,COC(=O)[C@H](Cc1ccccc1)NC(C)=O,ClCCl,,Rh,Fc1c(F)c(F)c(CN2CCN(p3oc4ccc5ccccc5c4c4c(ccc5ccccc54)o3)CC2)c(F)c1F,Fc1c(F)c(F)c(CN2CCN(p8->3oc4ccc5ccccc5c4c4c(ccc5ccccc54)o3)CC2)c(F)c1F.[Rh+]8,10,25,100,3.134375973,0.99,binol type,"['binol type', 'single P type']",tri-sub
1816,COC(=O)/C(=C/c1ccccc1)NC(C)=O,COC(=O)[C@@H](Cc1ccccc1)NC(C)=O,ClCCl,,Rh,C[C@@H](c1ccccc1P(c1ccccc1)c1ccccc1)N(C)p1oc2ccc3ccccc3c2c2c(ccc3ccccc32)o1,C[C@@H](c1ccccc1P(c1ccccc1)8->c1ccccc1)N(C)p9->1oc2ccc3ccccc3c2c2c(ccc3ccccc32)o1.[Rh+]89,10,25,100,0.627077816,0.485,binol type,"['binol type', 'double P type']",tri-sub
1411,COC(=O)/C(=C/c1ccccc1)NC(C)=O,COC(=O)[C@H](Cc1ccccc1)NC(C)=O,CO,,Rh,CP(c1ccccc1P(C)C(C)(C)C)C(C)(C)C,CP(c1ccccc1P(C)9->C(C)(C)C)8->C(C)(C)C.[Rh+]89,3,25,1000,4.500500019,0.999,double P type,['double P type'],tri-sub
1850,COC(=O)/C(=C/c1ccccc1)NC(C)=O,COC(=O)[C@H](Cc1ccccc1)NC(C)=O,CO,,Rh,C[C@@H](c1ccccc1)N(CCN([C@@H](C)c1ccccc1)p1oc2ccc3ccccc3c2c2c(ccc3ccccc32)o1)p1oc2ccc3ccccc3c2c2c(ccc3ccccc32)o1,C[C@@H](c1ccccc1)N(CCN([C@@H](C)c1ccccc1)p8->1oc2ccc3ccccc3c2c2c(ccc3ccccc32)o1)p9->1oc2ccc3ccccc3c2c2c(ccc3ccccc32)o1.[Rh+]89,1,25,20,0.14280163,0.12,binol type,"['binol type', 'double P type']",tri-sub
5924,COC(=O)/C(=C/c1ccccc1)NC(C)=O,COC(=O)[C@@H](Cc1ccccc1)NC(C)=O,Cc1ccccc1,,Rh,CC(C)N(C(C)C)P1Cc2ccc3ccccc3c2-c2c(ccc3ccccc23)C1,CC(C)N(C(C)C)P8->1Cc2ccc3ccccc3c2-c2c(ccc3ccccc23)C1.[Rh+]8,1,25,100,0.315146709,0.26,binol type,"['binol type', 'single P type']",tri-sub
1409,COC(=O)/C(=C/c1ccccc1)NC(C)=O,COC(=O)[C@@H](Cc1ccccc1)NC(C)=O,CO,,Rh,CP(c1nc2ccccc2nc1P(C)C(C)(C)C)C(C)(C)C,CP(c1nc2ccccc2nc1P(C)8->C(C)(C)C)9->C(C)(C)C.[Rh+]89,5,25,10000,3.849375327,0.997,double P type,['double P type'],tri-sub
1358,COC(=O)/C(=C/c1ccccc1)NC(C)=O,COC(=O)[C@@H](Cc1ccccc1)NC(C)=O,ClCCl,,Rh,CC(C)c1cccc(C(C)C)c1N1[C]N(CC[C@H](C)P(c2ccccc2)c2ccccc2)C=C1,CC(C)c1cccc(C(C)C)c1N1[C]N(CC[C@H](C)P(c2ccccc2)8->c2ccccc2)C=C1.[Rh+]8,39,25,50,0,0,others,['others'],tri-sub
5927,COC(=O)/C(=C/c1ccccc1)NC(C)=O,COC(=O)[C@@H](Cc1ccccc1)NC(C)=O,CCOC(C)=O,,Rh,c1ccc2c3c(ccc2c1)CP(N1CCC1)Cc1ccc2ccccc2c1-3,c1ccc2c3c(ccc2c1)CP(N1CCC1)8->Cc1ccc2ccccc2c1-3.[Rh+]8,1,25,100,0.530192448,0.42,binol type,"['binol type', 'single P type']",tri-sub
4098,COC(=O)/C(=C/c1ccccc1)NC(C)=O,COC(=O)[C@@H](Cc1ccccc1)NC(C)=O,CCOC(C)=O,,Rh,CN(C)p1oc2ccc3ccccc3c2c2c(ccc3ccccc32)o1,CN(C)p8->1oc2ccc3ccccc3c2c2c(ccc3ccccc32)o1.[Rh+]8,1,25,20,2.304501335,0.96,binol type,"['binol type', 'single P type']",tri-sub
5956,COC(=O)/C(=C/c1ccccc1)NC(C)=O,COC(=O)[C@@H](Cc1ccccc1)NC(C)=O,ClCCl,,Rh,COCO[C@H]1C[C@@H]2CC3(C[C@H]1N2p1oc2ccc4ccccc4c2c2c(ccc4ccccc42)o1)OCCO3,COCO[C@H]1C[C@@H]2CC3(C[C@H]1N2p8->1oc2ccc4ccccc4c2c2c(ccc4ccccc42)o1)OCCO3.[Rh+]8,1,25,100,0.732336261,0.55,binol type,"['binol type', 'single P type']",tri-sub
1726,COC(=O)/C(=C/c1ccccc1)NC(C)=O,COC(=O)[C@H](Cc1ccccc1)NC(C)=O,ClCCl,,Rh,C[C@H](C1=C(P(c2ccccc2)c2ccccc2)[C@H]([Fe]C2C=CC=C2)C=C1)N(C)p1oc2ccc3ccccc3c2c2c(ccc3ccccc32)o1,C[C@H](C1=C(P(c2ccccc2)8->c2ccccc2)[C@H]([Fe]C2C=CC=C2)C=C1)N(C)p9->1oc2ccc3ccccc3c2c2c(ccc3ccccc32)o1.[Rh+]89,20.7,25,100,2.304501335,0.96,binol type,"['binol type', 'ferrocene type', 'double P type']",tri-sub
9502,COC(=O)/C(=C/c1ccccc1)NC(C)=O,COC(=O)[C@@H](Cc1ccccc1)NC(C)=O,OCC(F)(F)F,,Rh,CN(C)p1oc2c(P(c3ccccc3)c3ccccc3)cc3ccccc3c2c2c(o1)c(P(c1ccccc1)c1ccccc1)cc1ccccc12,CN(C)p9->1oc2c(P(c3ccccc3)c3ccccc3)cc3ccccc3c2c2c(o1)c(P(c1ccccc1)8->c1ccccc1)cc1ccccc12.[Rh+]89,1,25,100,0.725565975,0.546,binol type,"['binol type', 'double P type']",tri-sub
6350,COC(=O)/C(=C/c1ccccc1)NC(C)=O,COC(=O)[C@@H](Cc1ccccc1)NC(C)=O,CO,,Rh,CC(C)P(C)CCP(C)C(C)(C)C,CC(C)P(C)8->CCP(C)9->C(C)(C)C.[Rh+]89,2,25,100,1.165902908,0.755,double P type,['double P type'],tri-sub
2330,COC(=O)/C(=C/c1ccccc1)NC(C)=O,COC(=O)[C@H](Cc1ccccc1)NC(C)=O,C1CCOC1.CO,,Rh,C[C@@H](c1ccccc1)N([C@H](C)C1=C(P(c2ccccc2)c2ccccc2)C=C[C@@H]1[Fe]C1C=CC=C1)P(c1ccccc1)c1ccccc1,C[C@@H](c1ccccc1)N([C@H](C)C1=C(P(c2ccccc2)8->c2ccccc2)C=C[C@@H]1[Fe]C1C=CC=C1)P(c1ccccc1)9->c1ccccc1.[Rh+]89,1,25,100,2.079020657,0.942,ferrocene type,"['ferrocene type', 'double P type']",tri-sub
8027,COC(=O)/C(=C/c1ccccc1)NC(C)=O,COC(=O)[C@@H](Cc1ccccc1)NC(C)=O,ClCCl,,Rh,c1ccc2c(c1)ccc1op(N3CCOCC3)oc3ccc4ccccc4c3c12,c1ccc2c(c1)ccc1op(N3CCOCC3)8->oc3ccc4ccccc4c3c12.[Rh+]8,5,25,50,2.720952926,0.98,binol type,"['binol type', 'single P type']",tri-sub
1853,COC(=O)/C(=C/c1ccccc1)NC(C)=O,COC(=O)[C@@H](Cc1ccccc1)NC(C)=O,CO,,Rh,CN(CCN(C)p1oc2ccc3ccccc3c2c2c(ccc3ccccc32)o1)p1oc2ccc3ccccc3c2c2c(ccc3ccccc32)o1,CN(CCN(C)p8->1oc2ccc3ccccc3c2c2c(ccc3ccccc32)o1)p9->1oc2ccc3ccccc3c2c2c(ccc3ccccc32)o1.[Rh+]89,1,25,20,0.682547308,0.52,binol type,"['binol type', 'double P type']",tri-sub
5951,COC(=O)/C(=C/c1ccccc1)NC(C)=O,COC(=O)[C@@H](Cc1ccccc1)NC(C)=O,ClCCl,,Rh,c1ccc2c(c1)ccc1op(O[C@H]3C[C@@H]4CC5(C[C@H]3N4p3oc4ccc6ccccc6c4c4c(ccc6ccccc64)o3)OCCO5)oc3ccc4ccccc4c3c12,c1ccc2c(c1)ccc1op(O[C@H]3C[C@@H]4CC5(C[C@H]3N4p9->3oc4ccc6ccccc6c4c4c(ccc6ccccc64)o3)OCCO5)8->oc3ccc4ccccc4c3c12.[Rh+]89,1,25,100,2.169340323,0.95,binol type,"['binol type', 'double P type']",tri-sub
1818,COC(=O)/C(=C/c1ccccc1)NC(C)=O,COC(=O)[C@H](Cc1ccccc1)NC(C)=O,ClCCl,,Rh,CN(c1ccccc1P(c1ccccc1)c1ccccc1)p1oc2ccc3ccccc3c2c2c(ccc3ccccc32)o1,CN(c1ccccc1P(c1ccccc1)8->c1ccccc1)p9->1oc2ccc3ccccc3c2c2c(ccc3ccccc32)o1.[Rh+]89,1,25,100,2.319795049,0.961,binol type,"['binol type', 'double P type']",tri-sub
5767,COC(=O)/C(=C/c1ccccc1)NC(C)=O,COC(=O)[C@H](Cc1ccccc1)NC(C)=O,CO,,Rh,c1ccc(P(CCP(c2ccccc2)c2ccccc2OC2CCCCC2)c2ccccc2OC2CCCCC2)cc1,c1ccc(P(CCP(c2ccccc2)9->c2ccccc2OC2CCCCC2)8->c2ccccc2OC2CCCCC2)cc1.[Rh+]89,1,25,100,4.500500019,0.999,double P type,['double P type'],tri-sub
884,COC(=O)/C(=C/c1ccccc1)NC(C)=O,COC(=O)[C@@H](Cc1ccccc1)NC(C)=O,ClCCCl,,Rh,CC(C)(C)P1CCC2=CC([Fe]C3C=CC=C3)C(P(c3ccccc3)c3ccccc3)=C21,CC(C)(C)P8->1CCC2=CC([Fe]C3C=CC=C3)C(P(c3ccccc3)9->c3ccccc3)=C21.[Rh+]89,1,20,25,1.714265559,0.9,ferrocene type,"['ferrocene type', 'double P type']",tri-sub
4028,COC(=O)/C(=C/c1ccccc1)NC(C)=O,COC(=O)[C@@H](Cc1ccccc1)NC(C)=O,CO,,Rh,CC(C)[C@H]1Cc2ccccc2P1c1ccccc1P1c2ccccc2C[C@@H]1C(C)C,CC(C)[C@H]1Cc2ccccc2P8->1c1ccccc1P9->1c2ccccc2C[C@@H]1C(C)C.[Rh+]89,0.4,30,200,2.766606499,0.98,double P type,['double P type'],tri-sub
9494,COC(=O)/C(=C/c1ccccc1)NC(C)=O,COC(=O)[C@@H](Cc1ccccc1)NC(C)=O,C1CCOC1,,Rh,CN(C)p1oc2c(P(c3ccccc3)c3ccccc3)cc3ccccc3c2c2c(o1)c(P(c1ccccc1)c1ccccc1)cc1ccccc12,CN(C)p9->1oc2c(P(c3ccccc3)c3ccccc3)cc3ccccc3c2c2c(o1)c(P(c1ccccc1)8->c1ccccc1)cc1ccccc12.[Rh+]89,1,25,100,1.569064645,0.868,binol type,"['binol type', 'double P type']",tri-sub
2302,COC(=O)/C(=C/c1ccccc1)NC(C)=O,COC(=O)[C@H](Cc1ccccc1)NC(C)=O,C1CCOC1.CO,,Rh,C[C@H](C1=C(P(c2ccccc2)c2ccccc2)C=C[C@@H]1[Fe]C1C=CC=C1)N(CC(C)(C)C)P(c1ccccc1)c1ccccc1,C[C@H](C1=C(P(c2ccccc2)8->c2ccccc2)C=C[C@@H]1[Fe]C1C=CC=C1)N(CC(C)(C)C)P(c1ccccc1)9->c1ccccc1.[Rh+]89,1,25,100,1.043539718,0.707,ferrocene type,"['ferrocene type', 'double P type']",tri-sub
4124,COC(=O)/C(=C/c1ccccc1)NC(C)=O,COC(=O)[C@@H](Cc1ccccc1)NC(C)=O,CO,,Rh,CC(C)N(C(C)C)P1OC(c2ccccc2)(c2ccccc2)[C@@H]2OC(C)(C)O[C@H]2C(c2ccccc2)(c2ccccc2)O1,CC(C)N(C(C)C)P8->1OC(c2ccccc2)(c2ccccc2)[C@@H]2OC(C)(C)O[C@H]2C(c2ccccc2)(c2ccccc2)O1.[Rh+]8,1,25,100,0.460001482,0.37,single P type,['single P type'],tri-sub
1619,COC(=O)/C(=C/c1ccccc1)NC(C)=O,COC(=O)[C@@H](Cc1ccccc1)NC(C)=O,ClCCl,,Rh,COC(=O)[C@H](Cc1ccccc1)N(C)p1oc2ccc3ccccc3c2c2c(ccc3ccccc32)o1,COC(=O)[C@H](Cc1ccccc1)N(C)p8->1oc2ccc3ccccc3c2c2c(ccc3ccccc32)o1.[Rh+]8,5,25,100,1.487635919,0.85,binol type,"['binol type', 'single P type']",tri-sub
1842,COC(=O)/C(=C/c1ccccc1)NC(C)=O,COC(=O)[C@@H](Cc1ccccc1)NC(C)=O,ClCCl,,Rh,c1ccc2c(c1)ccc1op(O[C@H]3C[C@@H]4CC5(C[C@H]3N4p3oc4ccc6ccccc6c4c4c(ccc6ccccc64)o3)OCCO5)oc3ccc4ccccc4c3c12,c1ccc2c(c1)ccc1op(O[C@H]3C[C@@H]4CC5(C[C@H]3N4p9->3oc4ccc6ccccc6c4c4c(ccc6ccccc64)o3)OCCO5)8->oc3ccc4ccccc4c3c12.[Rh+]89,1,25,100,2.169340323,0.95,binol type,"['binol type', 'double P type']",tri-sub
1723,COC(=O)/C(=C/c1ccccc1)NC(C)=O,COC(=O)[C@@H](Cc1ccccc1)NC(C)=O,ClCCl,,Rh,c1ccc2c3c(ccc2c1)CN(p1oc2ccc4ccccc4c2c2c(ccc4ccccc42)o1)Cc1ccc2ccccc2c1-3,c1ccc2c3c(ccc2c1)CN(p8->1oc2ccc4ccccc4c2c2c(ccc4ccccc42)o1)Cc1ccc2ccccc2c1-3.[Rh+]8,5,25,100,3.134375973,0.99,binol type,"['binol type', 'single P type']",tri-sub
5187,COC(=O)/C(=C/c1ccccc1)NC(C)=O,COC(=O)[C@@H](Cc1ccccc1)NC(C)=O,ClCCl,,Rh,CN(C)p1oc2ccc3ccccc3c2c2c(ccc3ccccc32)o1,CN(C)p8->1oc2ccc3ccccc3c2c2c(ccc3ccccc32)o1.[Rh+]8,5,25,200,2.169340323,0.95,binol type,"['binol type', 'single P type']",tri-sub
7221,COC(=O)/C(=C/c1ccccc1)NC(C)=O,COC(=O)[C@@H](Cc1ccccc1)NC(C)=O,ClCCl,,Rh,COC(=O)[C@H](C(C)C)N(C)p1oc2ccc3ccccc3c2c2c(ccc3ccccc32)o1,COC(=O)[C@H](C(C)C)N(C)p8->1oc2ccc3ccccc3c2c2c(ccc3ccccc32)o1.[Rh+]8,10,25,100,1.44621066,0.84,binol type,"['binol type', 'single P type']",tri-sub
5628,COC(=O)/C(=C/c1ccccc1)NC(C)=O,COC(=O)[C@@H](Cc1ccccc1)NC(C)=O,CO,,Rh,CC(C)(C)P1CCC[C@@H]1[C@H]1CCCP1C(C)(C)C,CC(C)(C)P8->1CCC[C@@H]1[C@H]1CCCP9->1C(C)(C)C.[Rh+]89,1,25,100,3.134375973,0.99,double P type,['double P type'],tri-sub
1851,COC(=O)/C(=C/c1ccccc1)NC(C)=O,COC(=O)[C@H](Cc1ccccc1)NC(C)=O,ClCCl,,Rh,C[C@@H](c1ccccc1)N(CCN([C@@H](C)c1ccccc1)p1oc2ccc3ccccc3c2c2c(ccc3ccccc32)o1)p1oc2ccc3ccccc3c2c2c(ccc3ccccc32)o1,C[C@@H](c1ccccc1)N(CCN([C@@H](C)c1ccccc1)p8->1oc2ccc3ccccc3c2c2c(ccc3ccccc32)o1)p9->1oc2ccc3ccccc3c2c2c(ccc3ccccc32)o1.[Rh+]89,1,25,20,0.340695957,0.28,binol type,"['binol type', 'double P type']",tri-sub
1719,COC(=O)/C(=C/c1ccccc1)NC(C)=O,COC(=O)[C@@H](Cc1ccccc1)NC(C)=O,CO,,Rh,c1ccc2c3c(ccc2c1)CN(p1oc2ccc4ccccc4c2c2c(ccc4ccccc42)o1)Cc1ccc2ccccc2c1-3,c1ccc2c3c(ccc2c1)CN(p8->1oc2ccc4ccccc4c2c2c(ccc4ccccc42)o1)Cc1ccc2ccccc2c1-3.[Rh+]8,5,25,20,0.766847977,0.57,binol type,"['binol type', 'single P type']",tri-sub
9637,COC(=O)/C(=C/c1ccccc1)NC(C)=O,COC(=O)[C@@H](Cc1ccccc1)NC(C)=O,CCOC(C)=O,,Rh,CN(C)p1oc2c(P(c3ccccc3)c3ccccc3)cc3ccccc3c2c2c(o1)c(P(c1ccccc1)c1ccccc1)cc1ccccc12,CN(C)p9->1oc2c(P(c3ccccc3)c3ccccc3)cc3ccccc3c2c2c(o1)c(P(c1ccccc1)8->c1ccccc1)cc1ccccc12.[Rh+]89,1,25,100,1.504919589,0.854,binol type,"['binol type', 'double P type']",tri-sub
5458,COC(=O)/C(=C/c1ccccc1)NC(C)=O,COC(=O)[C@H](Cc1ccccc1)NC(C)=O,C1CCOC1,,Rh,Cc1cc(C)cc(S[C@H](C(C)C)[C@H](C)OP(c2ccccc2)c2ccccc2)c1,Cc1cc(C)cc(S[C@H](C(C)C)[C@H](C)OP(c2ccccc2)8->c2ccccc2)c1.[Rh+]8,7.8,25,100,1.334717277,0.81,single P type,['single P type'],tri-sub
5225,COC(=O)/C(=C/c1ccccc1)NC(C)=O,COC(=O)[C@H](Cc1ccccc1)NC(C)=O,ClCCl,,Rh,CC(C)N(CCCN(C(C)C)p1oc2ccc3ccccc3c2c2c(ccc3ccccc32)o1)p1oc2ccc3ccccc3c2c2c(ccc3ccccc32)o1,CC(C)N(CCCN(C(C)C)p8->1oc2ccc3ccccc3c2c2c(ccc3ccccc32)o1)p9->1oc2ccc3ccccc3c2c2c(ccc3ccccc32)o1.[Rh+]89,1,25,20,0.302480136,0.25,binol type,"['binol type', 'double P type']",tri-sub
6103,COC(=O)/C(=C/c1ccccc1)NC(C)=O,COC(=O)[C@@H](Cc1ccccc1)NC(C)=O,Cc1ccccc1,,Rh,CCCC[C@@H]1C=Cc2cccc(P(c3ccccc3)c3ccccc3)c2N1p1oc2ccc3ccccc3c2c2c(ccc3ccccc32)o1,CCCC[C@@H]1C=Cc2cccc(P(c3ccccc3)8->c3ccccc3)c2N1p9->1oc2ccc3ccccc3c2c2c(ccc3ccccc32)o1.[Rh+]89,10,25,100,4.500500019,0.999,binol type,"['binol type', 'double P type']",tri-sub
1727,COC(=O)/C(=C/c1ccccc1)NC(C)=O,COC(=O)[C@H](Cc1ccccc1)NC(C)=O,CO,,Rh,C[C@H](C1=C(P(c2ccccc2)c2ccccc2)[C@H]([Fe]C2C=CC=C2)C=C1)N(C)p1oc2ccc3ccccc3c2c2c(ccc3ccccc32)o1,C[C@H](C1=C(P(c2ccccc2)8->c2ccccc2)[C@H]([Fe]C2C=CC=C2)C=C1)N(C)p9->1oc2ccc3ccccc3c2c2c(ccc3ccccc32)o1.[Rh+]89,20.7,25,100,1.578738765,0.87,binol type,"['binol type', 'ferrocene type', 'double P type']",tri-sub
1413,COC(=O)/C(=C/c1ccccc1)NC(C)=O,COC(=O)[C@@H](Cc1ccccc1)NC(C)=O,CO,,Rh,CP(c1cc2c(cc1P(C)C(C)(C)C)OCO2)C(C)(C)C,CP(c1cc2c(cc1P(C)9->C(C)(C)C)OCO2)8->C(C)(C)C.[Rh+]89,3,25,1000,4.500500019,0.999,double P type,['double P type'],tri-sub
8925,COC(=O)/C(=C/c1ccccc1)NC(C)=O,COC(=O)[C@@H](Cc1ccccc1)NC(C)=O,CO,,Rh,C[C@H](C1=C[C@H]([Fe]C2C=CC=C2)C=C1)N(C)p1oc2ccc3ccccc3c2c2c(ccc3ccccc32)o1,C[C@H](C1=C[C@H]([Fe]C2C=CC=C2)C=C1)N(C)p8->1oc2ccc3ccccc3c2c2c(ccc3ccccc32)o1.[Rh+]8,10,25,100,2.477862753,0.97,binol type,"['binol type', 'ferrocene type', 'single P type']",tri-sub
1720,COC(=O)/C(=C/c1ccccc1)NC(C)=O,COC(=O)[C@@H](Cc1ccccc1)NC(C)=O,CCOC(C)=O,,Rh,c1ccc2c3c(ccc2c1)CN(p1oc2ccc4ccccc4c2c2c(ccc4ccccc42)o1)Cc1ccc2ccccc2c1-3,c1ccc2c3c(ccc2c1)CN(p8->1oc2ccc4ccccc4c2c2c(ccc4ccccc42)o1)Cc1ccc2ccccc2c1-3.[Rh+]8,5,25,20,1.074905271,0.72,binol type,"['binol type', 'single P type']",tri-sub
